abborrio -> aborio
abodo -> adobo
aborrio -> aborio
acheese -> cheese
achote -> achiote
adouille -> andouille
advacado -> avocado
advocado -> avocado
advocados -> avocados
agava -> agave
aggs -> eggs
aguave -> agave
ají -> aji
allmonds -> almonds
almod -> almond
almods -> almonds
almon -> almonds
almons -> almonds
aloulette -> alouette
alsmonds -> almonds
amaranto -> amaranth
amaretta -> amaretto
amaretti -> amaretto
amchur -> amchoor
ameratto -> amaretto
ameretto -> amaretto
anchoor -> amchoor
anchovie -> anchovy
anchovie -> ancovy
ancienne -> acini
andouillle -> andouille
anduie -> andouille
anglehair -> angelhair
angostora -> angostura
anjovis -> anchovies
annato -> annatto
aoli -> aioli
aparagus -> asparagus
aples -> apples
appl -> apple
applesause -> applesauce
applesouce -> applesauce
applesuse -> applesauce
applsauce -> applesauce
appricots -> apricots
aprika -> paprika
arrugula -> arugula
artechoke -> artichoke
artichike -> artichoke
artichkoes -> artichoke
arugala -> arugula
arugla -> arugula
asafetida -> asafoetida
asagio -> asiago
asaparagus -> asparagus
asefoetida -> asafoetida
asfoetida -> asafoetida
asiargo -> asiago
asofoetida -> asafoetida
asperagus -> asparagus
assiago -> asiago
asta -> pasta
atichoke -> artichoke
avacado -> avocado
avacados -> avocados
avacodos -> avocados
avaocado -> avocado
avocadoes -> avocados
avocasos -> avocado
avocatos -> avocados
ayenne -> cayenne
azuki -> adzuki
azúcar -> azucar
bacaon -> bacon
bacardí -> bacardi
baco -> bacon
bagette -> baguette
baggette -> baguette
bagnettes -> baguettes
bailey’s -> baileys
balamic -> balsamic
balasmic -> balsamic
balsalmic -> balsamic
balsmic -> balsamic
bamboe -> bamboo
bana -> banana
banananas -> bananas
banane -> banana
bananna -> banana
banannas -> banana
banans -> bananas
bannana -> banana
bannas -> bananas
baquette -> baguette
barbacue -> barbeque
barbque -> barbeque
basalmic -> balsamic
baslamic -> balsamic
baslasmic -> balsamic
bastmati -> basmati
beaf -> beef
beam -> bean
beanes -> beans
beats -> beets
beefi -> beef
beens -> beans
belachan -> belacan
bicuits -> biscuits
biscits -> biscuits
biscuts -> biscuits
bisket -> biscuit
biskit -> biscuit
bisquit -> biscuit
bisquits -> biscuits
blackerries -> blackberries
blasamic -> balsamic
bluberries -> blueberries
bluberry -> blueberry
blueberrys -> blueberries
bluleberries -> blueberries
boccaccini -> boccoccini
boccacini -> bocconcini
boccatini -> bucatini
bocchonchini -> bocconcini
boillion -> bullion
boiullion -> boullion
bolonga -> bologna
boloñesa -> bolognese
booterscotch -> butterscotch
bosil -> basil
bouillan -> bullion
bouillion -> bouillon
bouillion -> bullion
bouillon -> bullion
bouillonone -> bullion
bouillons -> boullions
bouilon -> boullion
bouliion -> bullion
boulion -> bullion
boullian -> bullion
boullion -> bouillon
boullon -> bullion
boursen -> boursin
breadcumbs -> breadcrumbs
brith -> broth
broc -> broccoli
broccili -> broccoli
broccli -> broccoli
broccolli -> broccoli
brocheta -> bruschetta
brocoli -> broccoli
brocolli-> broccoli
brocollie -> broccoli
brothi -> broth
bruchetta -> bruschetta
brushetta -> bruschetta
brussells -> brussels
brussle -> brussel
bufala -> buffalo
buffaloe -> buffalo
buillion -> bullion
buillon -> bullion
bulgar -> bulgur
bulgher -> bulgur
bulghur -> bulgur
bulion -> bouillon
bulion -> bullion
bulions -> boullions
bullin -> bullion
bullion -> bouillon
burgandy -> burgundy
burgendy -> burgundy
buscuits -> biscuits
busquick -> bisquick
butermilk -> buttermilk
butifarras -> botifarra
butterscoth -> butterscotch
buttersctoch -> butterscotch
buttet -> butter
buttter -> butter
buuter -> butter
cabage -> cabbage
cabbade -> cabbage
cacoa -> cacao
cadamom -> cardamom
caggage -> cabbage
caisin -> craisin
cajeta -> cajita
calabasa -> calabaza
califlour -> cauliflower
califlower -> cauliflower
callaspara -> calasparra
calmata -> kalamata
camamel -> caramel
campanela -> campanelle
canaloupe -> cantaloupe
canelli -> cannelloni
canellini -> cannellini
caneloni -> cannelloni
canelonni -> cannelloni
canilla -> vanilla
cannalini -> cannellini
cannallini -> cannelloni
cannelinni -> cannelloni
cannelli -> cannellini
canneloni -> cannelloni
cannollini -> cannelloni
canoloa -> canola
cantalope -> cantaloupe
cantelope -> cantaloupe
canteloupe -> cantaloupe
capacola -> capocollo
cappacola -> capocollo
cappitavi -> cavatappi
cappucino -> cappuccino
cardamon -> cardamom
cardimum -> cardamom
cardomom -> cardamom
cardomon -> cardamom
cardomum -> cardamom
caremel -> caramel
carmaels -> caramel
carmel -> caramel
carmels -> caramels
carots -> carrots
carotts -> carrots
carret -> carrot
carrort -> carrot
carrotes -> carrots
carrotsi -> carrots
carrotts -> carrots
carrrots -> carrots
casarecci -> casarecce
casava -> cassava
cassarecci -> casarecce
catchup -> ketchup
catsup -> ketchup
cauiflower -> cauliflower
caulflower -> cauliflower
cauliflour -> cauliflower
caulifower -> cauliflower
cavatapi -> cavatappi
caviare -> caviar
cayan -> cayenne
cayanne -> cayenne
cayeen -> cayenne
cayeene -> cayenne
cayene -> cayenne
cayenee -> cayenne
caynenne -> cayenne
ceawfish -> crawfish
ceddar -> cheddar
ceery  -> celery
celantro -> cilantro
celeery -> celery
celerey -> celery
celeri -> celery
celerry -> celery
celientani -> cellentani
cellentali -> cellentani
celontro -> cilantro
ceral -> cereal
cerreal -> cereal
ceyanne -> cayenne
ceyene -> cayenne
chackers -> crackers
challots -> shallots
champanelle -> campanelle
champange -> champagne
chappati -> chapati
chcienken -> chicken
chcolate -> chocolate
chddar -> cheddar
chddar -> chedder
checken -> chicken
chedar -> chedder
cheddaror -> cheddar
cheddars -> cheddars
cheedar -> cheddar
cheeder -> chedder
cheeese -> cheese
chees -> cheese
cheesee -> cheese
cheeseits -> cheezits
cheeseto -> cheetos
cheesse -> cheese
cheeze -> cheese
cheezewhiz -> cheezwhiz
chelery -> celery
cherrie -> cherry
cherrys -> cherries
chese -> cheese
chesnuts -> chestnuts
chesse -> cheese
chevil -> chervil
chevril -> chervil
cheyene -> cayenne
cheyenne -> cayenne
chiabatta -> ciabatta
chibata -> ciabatta
chicen -> chicken
chickebn -> chicken
chickien -> chicken
chiffanade -> chiddonade
chiffanade -> chiffonade
chiffonaded -> chiffonade
chiffonde -> chiffonade
chiken -> chicken
chiles -> chilies
chilie -> chili
chilil -> chili
chilles -> chilis
chilli -> chili
chillie -> chili
chillies -> chilis
chillis -> chilis
chilulah -> cholula
chimmichurri -> chimichurri
chipolata -> chipotle
chipolte -> chipotle
chipoltle -> chipotle
chiptoles -> chipotle
chirizo -> chorizo
chisken -> chicken
chivo -> chive
chlies -> chilis
choc -> chocolate
chocholate -> chocolate
chocken -> chicken
choclate -> chocolate
chocoate -> chocolate
chococalte -> chocolate
chocolade -> chocolate
chocolae -> chocolate
chocolazte -> chocolate
choicken -> chicken
choirico -> chourico
cholalate -> chocolate
cholate -> chocolate
cholcolate -> chocolate
chooclate -> chocolate
choocolate -> chocolate
choricio -> chourico
chorico -> chourico
chorize -> chorizo
chourico -> chorizo
chovolate -> chocolate
chream -> cream
chtuney -> chutney
cicken -> chicken
cidar -> cider
cide -> cider
cilanto -> cilantro
cilantra -> cilantro
cilantrao -> cilantro
cilatro -> cilantro
cilentro -> cilantro
ciligiene -> ciliegine
cimmamon -> cinnamon
cinammon -> cinnamon
cinamon -> cinnamon
ciniammon -> cinnamon
cinnamin -> cinnamon
cinnammon -> cinnamon
cinnamnon -> cinnamon
cinnamom -> cinnamon
cinnamomn -> cinnamon
cinnamonbe -> cinnamon
cinnamoni -> cinnamon
cinniman -> cinnamon
cinnimon -> cinnamon
cinnnamon -> cinnamon
cinnomin -> cinnamon
cinnsmon -> cinnamon
cipolline -> cipolline
citantro -> cilantro
citus -> citrus
clamata -> clamato
clamatto -> clamato
clovs -> cloves
clves -> cloves
cocao -> cacao
cocao -> cocoa
cochujang -> gochujang
cocnut -> coconut
cocoanut -> coconut
cocomnut -> coconut
cocount -> coconut
cocounut -> coconut
coffe -> coffee
cojita -> cotija
coliander -> coriander
coliflower -> cauliflower
coorn -> corn
corbread -> cornbread
corgette -> courgette
coriando -> coriander
coriender -> coriander
corm -> corn
cormbread -> cornbread
cormeal -> cornmeal
cornona -> corona
cornstarc -> cornstarch
cornstartch -> cornstarch
corriand -> coriander
corriander -> coriander
corrider -> coriander
couliflower -> cauliflower
crabme -> crabmeat
cracher -> cracker
crainsons -> craisins
craisens -> craisin
craisons -> craisins
craker -> cracker
cramel -> caramel
cranberrie -> cranberries
crasins -> craisins
creama -> cream
creamv -> cream
crem -> cream
crimini -> cremini
crossiant -> croissant
croutoni -> crouton
croûton -> crouton
croûtons -> croutons
crream -> cream
crustini -> crostini
cruton -> crouton
crutons -> croutons
crème -> cream
créme -> cream
cubanella -> cubanelle
cucmbers -> cucumber
cucombers -> cucumbers
cuecumber -> cucumber
cugar -> sugar
culantro -> cilantro
cumcumber -> cucumber
cumen -> cumin
cumino -> cumin
cummin -> cumin
curraints -> currants
currents -> currants
cyanne -> cayenne
cyder -> cider
cyrup -> syrup
daisey -> daisy
daisies -> daisies
demarara -> demerara
demarra -> demerara
demera -> demerara
denjang -> doenjang
deritos -> doritos
diakon -> daikon
diatlini -> ditalini
dijion -> dijon
dijob -> dijon
dijoin -> dijon
dikon -> daikon
disaronna -> disaronno
ditali -> ditalini
ditalinni -> ditalini
ditilini -> ditalini
donot -> donut
dorittos -> doritos
dorritos -> doritos
drumetes -> drummettes
drummetes -> drumettes
drunsticks -> drumsticks
dumping -> dumpling
eddeos -> eddoes
edemame -> edamame
egga -> eggs
egge -> egg
egglant -> eggplant
egglpant -> eggplant
egglpants -> eggplants
egglplant -> eggplant
egs -> eggs
egss -> eggs
emanthel -> emmental
emmantellar -> emmentaler
emmenthal -> emmental
enchalada -> enchilada
enchidada -> enchilada
escallion -> scallion
expresso -> espresso
fafalle -> farfalle
faita -> fajita
farafalle -> farfalle
farafelle -> farfalle
farfalla -> farfalle
farine -> farina
faro -> farro
fata -> feta
fennell -> fennel
feticini -> fettuccine
fetta -> feta
fettichini -> fettuccine
fetticini -> fettuccine
fettuccini -> fettuccine
fettuchine -> fettuccine
fettucine -> fettuccine
fettucini -> fettuccine
fetuccini -> fettuccine
fillo -> filo
floor -> flour
floour -> flour
floud -> flour
flouor -> flour
foccacia -> focaccia
fondu -> fondue
frangelica -> frangelico
frangellica -> frangelico
frangellico -> frangelico
frisée -> frisee
fritoes -> fritos
friut -> fruit
fruitose -> fructose
frutose -> fructose
furikake -> fuikake
fuselli -> fusilli
fusili -> fusilli
gaarlic -> garlic
galanga -> galangal
galic -> garlic
galric -> garlic
garalic -> garlic
garbonzo -> garbanzo
garbonzos -> garbanzo
garbonzos -> garbonzos
garcia -> garlic
garclic -> garlic
garganzo -> garbanzo
gari -> garlic
garic -> garlic
garilc -> garlic
garlc -> garlic
garli -> garlic
garlice -> garlic
garlick -> garlic
garlig -> garlic
garlis -> garlic
garllic -> garlic
garnis -> garnish
gelatim -> gelatin
gelatine -> gelatin
gemilli -> gemelli
gerkin -> gherkin
gerkins -> gherkins
gheerios -> cheerios
giardinara -> giardiniera
gibblets -> giblets
giinger -> ginger
gingeri -> ginger
gochukaro -> gochugaru
gorganzola -> gorgonzola
gotchujang -> gochujang
gotchukaru -> gochugaru
gralic -> garlic
grapefreuit -> grapefruit
greem -> green
gremolatta -> gremolata
grenandine -> grenadine
greuyere -> gruyere
greuyre -> gruyere
grlic -> garlic
groose -> grouse
gruyer -> gruyere
gruyère -> gruyere
gruyére -> gruyere
gryer -> gruyere
gryuere -> gruyere
guacomole -> guacamole
guajilo -> guajillo
guijillo -> guajillo
guiness -> guinness
guinnes -> guinness
guyere -> gruyere
gycerin -> glycerin
habanera -> habanero
habanero -> habanero
habaneroif -> habanero
habañero -> habanero
habenaro -> habanero
habenero -> habanero
habernero -> habanero
habinaro -> habanero
halavah -> halva
hallibut -> halibut
halvah -> halva
hamberger -> hamburger
harberno -> habanero
harvarti -> havarti
harvarty -> havarti
hasbrowns -> hashbrowns
haselnuts -> hazelnuts
havarit -> havarti
hazlenut -> hazelnut
hazlenuts -> hazelnuts
heeng -> hing
herbes -> herbs
hiosin -> hoisin
hobanero -> habanero
hoggie -> hoagie
hoisen -> hoisin
hoison -> hoisin
hollandse -> hollandaise
homily -> hominy
hominey -> hominy
homny -> hominy
horeseradish -> horseradish
horesradish -> horseradish
horseradich -> horseradish
horsradish -> horseradish
hosin -> hoisin
hovarti -> havarti
hoysin -> hoisin
huminy -> hominy
humus -> hummus
ineapple -> pineapple
jabanero -> habanero
jalapanos -> jalapenos
jalape -> jalapeno
jalapena -> jalapeno
jalapenoes -> jalapenos
jalapenós -> jalapenos
jalapenõ -> jalapeno
jalapenö -> jalapeno
jalapeo -> jalapeno
jalapeos -> jalapenos
jalaperios -> jalapenos
jalapeño -> jalapeno
jalapnos -> jalapenos
jalenos -> jalapenos
jalenpeno -> jalapeno
jalepano -> jalapeno
jalepanos -> jalapenos
jalepeneo -> jalapeno
jalepeneos -> jalapenos
jalepeno -> jalapeno
jalepenos -> jalapenos
jalepeño -> jalapeno
jalepeños -> jalapenos
jalepino -> jalapeno
jalepinos -> jalapenos
jalepno -> jalapeno
jalipeno -> jalapeno
jallepeno -> jalapeno
jalopena -> jalapeno
jalopeno -> jalapeno
jalopenoes -> jalapenos
jalopenos -> jalapenos
jalpeno -> jalapeno
japaleno -> jalapeno
japalenos -> jalapenos
japanelo -> jalapeno
jemon -> lemon
jiuce -> juice
jogurta -> yogurt
johnagold -> jonagold
joice -> juice
juce -> juice
jucice -> juice
jucie -> juice
juic -> juice
juicea -> juice
juicei -> juice
juise -> juice
juuice -> juice
kahula -> kahlua
kalamansi -> Calamansi
kaluha -> kahlua
katchup -> ketchup
katsup -> ketchup
kefalotiri -> kefalotyri
keffir -> kefir
keifer -> kefir
keilbasa -> kielbasa
keilbaska -> kielbasa
kerupul -> kerupuk
ketchsup -> ketchup
ketchuo -> ketchup
ketcup -> ketchup
kethcup -> ketchup
kethup -> ketchup
ketsup -> ketchup
kidne -> kidney
kidnew -> kidney
kielbasi -> kielbasa
kielbassa -> kielbasa
kilbasa -> kielbasa
kobucha -> kombucha
kochujang -> gochujang
konbu -> kombu
koriander -> coriander
kwark -> quark
lamon -> lemon
langostines -> langoustines
lasagne -> lasagna
lasahna -> lasagna
lasanga -> lasagne
lasange -> lasagna
lasangna -> lasagna
lavendar -> lavender
leak -> leek
leaks -> leeks
leamon -> lemon
lemmon -> lemon
lemond -> lemon
lessuce -> lettuce
lettace -> lettuce
lettuce -> lettece
lettus -> lettuce
lettuse -> lettuce
letuce -> lettuce
ligonberry -> lingonberry
liguini -> linguini
lima -> lime
limade -> limeade
limeaide -> limeade
limone -> lemon
lingiuni -> linguine
linguesa -> linguica
linguicia -> linguica
linguinie -> linquine
linguisa -> linguica
linquine -> linguine
linquini -> linguine
liqour -> liqueur
liqueor -> liqueur
liquer -> liqueur
liquier -> liquor
liquour -> liquor
lolipop -> lollipop
ltalian -> italian
macadamian -> macadamia
macaroini -> macaroni
macaron -> macaroon
macaronii -> macaroni
macaronior -> macaroni
macaronni -> macaroni
macarons -> macaroons
macarooni -> macaroni
macaschino -> maraschino
maccaroni -> macaroni
macceroni -> macaroni
macoroni -> macaroni
macron -> macaroon
macroons -> macaroons
madarin -> mandarine
madarine -> mandarine
magarine -> margarine
maiz -> maize
majarom -> marjoram
majoram -> marjoram
malitol -> maltitol
manadarin -> mandarine
manadrin -> mandarine
mandarine -> mandarin
manderin -> mandarine
manderine -> mandarine
mandrian -> mandarin
mangos -> mangoes
mannicoti -> manicotti
manranilla -> manzanilla
manzanella -> manzanilla
maoynnaise -> mayonnaise
marachino -> marashino
maragarine -> margarine
maragine -> margarine
mararine -> margarine
mararoni -> macaroni
marashino -> maraschino
marchino -> marashino
margarin -> margarine
margaring -> margarine
margerin -> margarine
margerine -> margarine
margine -> margarine
margoram -> marjoram
margrine -> margarine
marichino -> maraschino
marinque -> meringue
marischino -> maraschino
marishino -> maraschino
marjaram -> marjoram
marjaran -> marjoram
marjarin -> marjoram
marjarine -> marjoram
marjarom -> marjoram
marjoraan -> marjoram
marjoran -> marjoram
marjorum -> marjoram
marmelade -> marmalade
marojoram -> marjoram
marscapone -> mascarpone
marscarpone -> mascarpone
marschino -> maraschino
marshamallow -> marshmellow
marshamllow -> marshmellow
marshino -> marashino
marshmallo -> marshmellow
marshmallow -> marshmellow
marshmellos -> marshmellow
marshmellow -> marshmallow
marshmellows -> marshmallow
marshumallows -> marshmallows
marzcapone -> mascarpone
masaman -> massaman
mascapone -> mascarpone
matzah -> matzo
matzoh -> matzo
mayaonnaise -> mayonnaise
maynaise -> mayonnaise
mayonaaise -> mayonnaise
mayonaise -> mayonnaise
mayonaisse -> mayonnaise
mayonesa -> mayonnaise
mayonise -> mayonnaise
mayonnaiseno -> mayonnaise
mayonnaises -> mayonnaise
mayonnaisse -> mayonnaise
mayonnasi -> mayonnaise
mayonnnaise -> mayonnaise
mazzarella -> mozzarella
mazzorella -> mozzarella
melasses -> molasses
melk -> milk
menthi -> methi
miilk -> milk
millk -> milk
minimarshmallows -> marshmallows
mistard -> mustard
mlk -> milk
molassas -> molasses
molasse -> molasses
molassis -> molasses
mollasses -> molasses
monetary -> monterey
mong -> mung
montergey -> monterey
montrey -> monterey
monzerella -> mozzarella
mostaccoili -> mostaccioli
mostaccoli -> mostaccioli
mostacielli -> mostaccioli
mostaciolli -> mostaccioli
mosterd -> mustard
moterey -> monterey
motzarella -> mozzarella
motzerella -> mozzarella
mozarella -> mozzarella
mozarrella -> mozzarella
mozerella -> mozzarella
mozerrela -> mozzarella
mozzarel -> mozzarella
mozzarela -> mozzarella
mozzarell -> mozzarella
mozzarellaas -> mozzarellas
mozzarells -> mozzarellas
mozzella -> mozzarella
mozzerala -> mozzarella
mozzeralla -> mozzarella
mozzerella -> mozzarella
mozzerla -> mozzarella
mozzrella -> mozzarella
muchroom -> mushroom
muchrooms -> mushrooms
mudhrooms -> mushrooms
munster -> muenster
muschrooms -> mushrooms
muscle -> mussel
museli -> muesli
mushooms -> mushrooms
mushromms -> mushrooms
mushroms -> mushrooms
mushrooma -> mushroom
mushroomsm -> mushroom
mushroon -> mushroom
mushrroms -> mushroom
musrooms -> mushroom
mussaman -> massaman
mussles -> mussels
mustad -> mustard
mustar -> mustard
mustardi -> mustard
mustared -> mustard
mustart -> mustard
mustrooms -> mushrooms
nayonaise -> mayonnaise
neafatchel -> neufchatel
necterine -> nectarine
neufatchel -> neufchatel
neufatel -> neufchatel
neufchâtel -> neufchatel
neufechtel -> neufchatel
neufshatel -> neufchatel
neunerlei -> neufchatel
neutchatel -> neufchatel
noddles -> noodles
noodels -> noodles
noodes -> noodles
nufatel -> neufchatel
nute -> nut
nutmag -> nutmeg
nutmet -> nutmeg
nuttella -> nutella
oarnges -> oranges
oiil -> oil
oiion -> onion
oilive -> olive
oill -> oil
oilve -> olive
oinion -> onion
oinions -> onions
oinon -> onion
oinons -> onions
oip -> oil
oive -> olive
oives -> olives
olic -> olive
olice -> olive
oliv -> olive
oliva -> olive
olivie -> olive
olivws -> olives
olvies -> olives
omatoes -> tomatoes
oniion -> onion
oniions -> onions
onin -> onion
onio -> onion
onioin -> onion
onlive -> olive
onoin -> onion
onoins -> onions
oragano -> oregano
orage -> orange
orageno -> oregano
orages -> oranges
oragino -> oregano
oranages -> oranges
oregan -> oregano
oregao -> oregano
oregeno -> oregano
oregeon -> oregano
oregno -> oregano
organge -> orange
organo -> oregano
orgeano -> oregano
orgeneo -> oregano
orgeno -> oregano
oryster -> oyster
ouzo -> orzo
ovacoda -> avocado
ozzarella -> mozzarella
pablano -> poblano
pacakge -> pancake
palmagranate -> pomegranate
pamesan -> parmesan
pamintos -> pimentos
panchetta -> pancetta
panco -> panko
papardelle -> pappardelle
paparika -> paprika
paperika -> paprika
papkrika -> paprika
pappadams -> papadums
papparadelle -> pappardelle
papper -> pepper
pappercorns  -> peppercorns
pappers  -> peppers
papraka -> paprika
paprica -> paprika
papricka -> paprika
paprike -> paprika
paprka -> paprika
paptika -> paprika
parafin -> parrafin
paramesan -> parmesan
parasean -> parmesan
parcely -> parsley
parcley -> parsley
paremesan -> parmesan
paremesean -> parmesan
paremsan -> parmesan
paresan -> parmesan
paresely -> parsley
parika -> paprika
parley -> parsley
parlsey -> parsley
parmaan -> parmesan
parmaggiano -> parmesan
parmagiana -> parmesan
parmasaen -> parmesan
parmasan -> parmesan
parmasean -> parmesan
parmasen -> parmesan
parmasian -> parmesan
parmassan -> parmesan
parmazaan -> parmesan
parmeasan -> parmesan
parmeasn -> parmesan
parmegiano -> parmesan
parmersan -> parmesan
parmesa -> parmesan
parmesano -> parmigiano
parmesean -> parmesan
parmeseano -> parmesan
parmesen -> parmesan
parmesian -> parmesan
parmeson -> parmesan
parmessean -> parmesan
parmessian -> parmesan
parmezaanse -> parmesan
parmigana -> parmesan
parmigano -> parmesan
parmiggiano -> parmigiano
parmigian -> parmesan
parmisan -> parmesan
parmisian -> parmesan
parmreg -> parmesan
parmsean -> parmesan
parmsian -> parmesan
parnesan -> parmesan
parsaman -> parmesan
parseley -> parsley
parsely -> parsley
parseman -> parmesan
parsey -> parsley
parslay -> parsley
parslely -> parsley
parslety -> parsley
parsly -> parsley
passilla -> pasilla
pastine -> pastina
pastromi -> pastrami
patata -> potato
patate -> potato
patates -> potatos
patato -> potato
patatos -> potatos
paté -> pate
peaces -> peaches
peanutes -> peanut
peaunt -> peanut
peccorino -> pecorino
peeper -> pepper
pene -> penne
penna -> penne
pennie -> penne
penut -> peanut
pepaya -> papaya
pepeer -> pepper
pepepr -> pepper
peper -> pepper
peperchinis -> pepperoncinis
pepercorns -> peppercorns
peperoncini -> pepperoncini
peperoncinis -> pepperoncini
peperoni -> pepperoni
peperroni -> pepperoni
pepers -> pepper
peppard -> pepper
peppear -> pepper
pepped -> pepper
peppeer -> pepper
peppercinis -> pepperchinis
pepperi -> pepper
pepperm -> pepper
pepperocini -> pepperoncini
pepperocinis -> pepperoncinis
pepperonchinis -> pepperoncini
pepperonchinis -> pepperoncinis
pepperonci -> pepperoncini
pepperoncino -> peperoncino
pepperper -> pepper
peppersi -> peppers
pepporoni -> pepperoni
pepporonis -> pepperonis
peppper -> pepper
peppr -> pepper
pepproncinis -> pepperoncinis
perillia -> perilla
perogi -> pierogi
perogies -> pierogies
perogys -> pierogies
perohies -> pierogies
pickel -> pickle
pickes -> pickles
pierogie -> pierogi
pierogis -> pierogies
pimeintos -> pimientos
pimento -> pimiento
pimento -> pimientos
pimentoes -> pimientos
pimintos -> pimientos
pinapple -> pineapple
pinappple -> pineapple
pineaple -> pineapple
pinepple -> pineapple
pinneaple -> pineapple
pinneaple -> pinneapple
pinpple -> pineapple
piquintos -> pinquitos
piquín -> piquin
pistacchio -> pistachio
pistacio -> pistachio
piza -> pizza
plaintain -> plantain
plaintains -> plantains
ploy -> ploye
pnut -> peanut
poatotes -> potatoes
pobalano -> poblano
pobalno -> poblano
poblamos -> poblano
pollack -> pollock
pomegranite -> pomegranate
ponzo -> ponzu
portabela -> portobello
portabella -> portabello
portabello -> portobello
portabllo -> portabello
portebella -> portabella
portebello -> portabello
portobella -> portobello
portobellas -> portobellos
potaotes -> potatoes
potatoe -> potato
potatotes -> potatos
pototoes -> potatoes
poultrey -> poultry
poultty -> poultry
poutry -> poultry
ppepper -> pepper
precorino -> pecorino
pretzles -> pretzel
pretzles -> pretzels
prosciuto -> prosciutto
proscuito -> prosciutto
proscuitto -> prosciutto
proscuttio -> prosciutto
provalone -> provolone
provelone -> provolone
provolgne -> provolone
provologne -> provolone
prumes -> prunes
puding -> pudding
pulm -> plum
pumkin -> pumpkin
pumpernickle -> pumpernikel
pumpikn -> pumpkin
pumpkie -> pumpkin
pumplin -> pumpkin
pâtes -> pates
pâté -> pate
qinoa -> quinoa
rabit -> rabbit
raddishes -> radishes
radiatorre -> radiatore
radiccio -> radicchio
radichio -> radicchio
radisehes -> radishes
raisens -> raisins
raisinettes -> raisinets
raisns -> raisins
raison -> raisin
raisons -> raisins
raman -> ramen
rapsberry -> raspberry
rasberries -> raspberries
rasberry -> raspberry
rasians -> raisins
rasins -> raisins
raspbery -> raspberry
rasperries -> raspberries
rasperry -> raspberry
rasphberries -> raspberries
rassberries -> raspberries
reddiwhip -> reddiwip
rediwhip -> reddiwip
reggianno -> reggiano
reggieano -> reggiano
regiano -> reggiano
reisling -> riesling
rench -> ranch
rermacelli -> vermicelli
reserva -> reserve
riccota -> ricotta
riccotta -> ricotta
ricotti -> ricotta
ricotto -> ricotta
rigata -> rigatoni
rigatonni -> rigatoni
rigotta -> ricotta
riserva -> reserve
rollo -> rolo
rollos -> rolos
romain -> romaine
romanie -> romaine
romemary -> rosemary
rosa -> rose
rosemarry -> rosemary
rosemerry -> rosemary
rosmary -> rosemary
rotelli -> rotelle
rotoni -> rotini
rubarb -> rhubarb
rutebaga -> rutabaga
rutebegas -> rutabagas
sachatomate -> tamarillo
sacue -> sauce
saewujeot -> saeujeot
saki -> sake
sal -> salt
salam -> salami
salame -> salami
sambai -> sambal
sambai -> sambel
sambel -> sambal
sasage -> sausage
sasuage -> sausage
sasuge -> sausage
sauage -> sausage
sauages -> sausage
sauc -> sauce
saucei -> sauce
saue -> sauce
saugage -> sausage
sauignon -> sauvignon
saunf -> sauce
saurce -> sauce
saurkraut -> sauerkraut
saus -> sauce
sausgae -> sausage
sauvingonn -> sauvignon
sayote -> chayote
scaillions -> scallions
scalions -> scallion
scalions -> scallions
scalloins -> scallion
scalloins -> scallions
scallon -> scallion
scallons -> scallions
scallopine -> scaloppine
scalloppine -> scaloppine
scaloppine -> scaloppine
scapers -> capers
schanpps -> schnapps
schircha -> sriracha
seads -> seeds
seamane -> sesame
seasame -> sesame
seeeds -> seeds
seger -> sugar
seranno -> serrano
serano -> serrano
serlion -> sirloin
seseame -> sesame
seseme -> sesame
shallet -> shallot
shalot -> shallot
shalots -> shallots
shalotts -> shallots
shcrimp -> shrimp
sheese -> cheese
shicken -> chicken
shiittake -> shiitake
shimp -> shrimp
shiraca -> sriracha
shirmp -> shrimp
shitake -> shiitake
shitakes -> shiitakes
shitaki -> shitake
shollet -> shallot
shorening -> shortening
shortenting -> shortening
shorting -> shortening
shortning -> shortening
shrim -> shrimp
shrip -> shrimp
siracha -> sriracha
sirachi -> sriracha
sirlion -> sirloin
sirlon -> sirloin
sirracha -> sriracha
sirup -> syrup
sjalotje -> shallot
skiitake -> shiitake
skonless -> skinless
sordough -> sourdough
sorriander -> coriander
souce -> sauce
soujouk -> sujuk
sourghum -> sorghum
souvignon -> sauvignon
spaetzel -> spätzle
spaezel -> spätzle
spagetti -> spaghetti
spaggetti -> spaghetti
spagheti -> spaghetti
spaghetini -> spaghettini
spaghettie -> spaghetti
spahetti -> spaghetti
spatzels -> spaetzle
speariment -> spearmint
speghetti -> spaghetti
spenda -> splenda
spinache -> spinach
spincach -> spinach
spincah -> spinach
spinch -> spinach
spiniach -> spinach
spinich -> spinach
spinnach -> spinach
spnich -> spinach
squashs -> squashes
squit -> squirt
sricha -> sriracha
sricracha -> sriracha
srirachar -> sriracha
srirache -> sriracha
srirachi -> sriracha
startch -> starch
stawberries -> strawberries
stawberry -> strawberry
stawberrys -> strawberries
straberry -> strawberry
strawberies -> strawberries
strawberrie -> strawberry
strawberrier -> strawberry
strawberrires -> strawberries
strawberrys -> strawberries
strawbwrries -> strawberries
streussel -> streusel
strozzopretti -> strozzapreti
struesel -> streusel
strwberries -> strawberries
suace -> sauce
suasage -> sausage
suauce -> sauce
suga -> sugar
sugaar -> sugar
sugay -> sugar
suger -> sugar
suggar -> sugar
sugr -> sugar
sukade -> succade
sumak -> sumac
surejel -> surejell
surgar -> sugar
syru -> syrup
syrupy -> syrup
syurp -> syrup
tabasco -> tobasco
tabsaco -> tabasaco
tagliarini -> taglierini
tagliatelli -> tagliatelle
tahu -> tofu
talapia -> tilapia
tamarid -> tamarind
tamarinde -> tamarind
tamatoes -> tomatos
tapatío -> tapatio
tapicoa -> tapioca
tapioka -> tapioca
taquilla -> tequila
taragon -> tarragon
tarregon -> tarragon
tarter -> tartar
tatar -> tater
tator -> tater
tators -> taters
tatter -> tater
tenerloin -> tenderloin
tequilla -> tequila
teriyak -> teriyaki
terragon -> tarragon
terrakyi -> teriyaki
terriyaki -> teriyaki
terryaki -> teriyaki
teryaki -> teriyaki
thyeme -> thyme
thymei -> thyme
thymes -> thyme
tianmianjiang -> tianmian
tillapia -> tilapia
tirimisu -> tiramisu
toamato -> tomato
toaste -> toast
tobacco -> tabasco
tobasco -> tabasco
tobaso -> tobasco
toenjang -> doenjang
toffe -> toffee
tolerone -> toblerone
tomaatjes -> tomato
tomaoes -> tomatoes
tomaotes -> tomatos
tomat -> tomato
tomatateo -> tomatillo
tomatatoes -> tomatoes
tomate -> tomato
tomaten -> tomato
tomateos -> tomato
tomates -> tomato
tomati -> tomato
tomatilla -> tomatillo
tomatillas -> tomatillos
tomatoe -> tomato
tomatos -> tomatoes
tomatotoes -> tomatos
tomoates -> tomatos
tomoato -> tomato
tomoatoes -> tomatos
tomoatos -> tomatos
tomoto -> tomato
tomotoe -> tomato
tomotoes -> tomatoes
topenade -> tapenade
torilla -> tortilla
torillas -> tortilla
torillas -> tortillas
torillias -> tortillas
tortelini -> tortellini
tortelloni -> tortelloni
tortialla -> tortilla
tortilia -> tortilla
tortillal -> tortilla
tortillia -> tortilla
tortillias -> tortillas
tortillini -> tortellini
tortolini -> tortellini
torttillas -> tortillas
tostados -> tostadas
totillas -> tortillas
trotolle -> trottole
truffel -> trugffle
tubetini -> tubitini
tuma -> tuna
tumeric -> turmeric
turbanado -> turbinado
turbindo -> turbinado
turdinado -> turbinado
turker -> turkey
turket -> turkey
turmenic -> turmeric
turmuric -> turmeric
twizlers -> twizzlers
tyhme -> thyme
tyme -> thyme
tzadziki -> tzatziki
tzatiki -> tzatziki
tzaziki -> tzatziki
vadalia -> vidalia
vailla -> vanilla
vainilla -> vanilla
valveeta -> velveeta
vamilla -> vanilla
vanallia -> vanilla
vananas -> bananas
vaniglia -> vanilla
vaniila -> vanilla
vanila -> vanilla
vanilia -> vanilla
vanillai -> vanilla
vanillato -> vanilla
vanille -> vanilla
vanilli -> vanilla
vanillia -> vanilla
vanillina -> vanilla
vannila -> vanilla
vannilla -> vanilla
vegable -> vegetable
veganaise -> vegenaise
vegannaise -> vegenaise
vegatable -> vegetable
veges -> veggies
vegetabel -> vegetable
vegetablele -> vegetable
vegetale -> vegetable
veggetable -> vegetable
vegie -> veggie
vegitable -> vegetable
vegitables -> vegetable
vegtable -> vegetable
vegtables -> vegetables
vegys -> veggies
veleeta -> velveeta
velteeta -> velveeta
velveets -> velveeta
velveta -> velveeta
velvetta -> velveeta
venegar -> vinegar
vermacelli -> vermicelli
vermachelli -> vermicelli
vermecillie -> vermicelli
vermoth -> vermouth
vetables -> vegetables
vevetta -> velveeta
vidala -> vidalia
vidallia -> vidalia
vidallias -> vidalias
viegar -> vinegar
viengar -> vinegar
vinaegar -> vinegar
vinagar -> vinegar
vinager -> vinegar
vinagre -> vinegar
vinagrette -> vinaigrette
vinalla -> vanilla
vineagar -> vinegar
vinega -> vinegar
vinegarette -> vinaigrette
vinegartte -> vinaigrette
vinegear -> vinegar
vineger -> vinegar
vinegerette -> vinaigrette
vinegrette -> vinaigrette
vingar -> vinegar
vingear -> vinegar
vingegar -> vinegar
vinger -> vinegar
viniagrette -> vinaigrette
vinigar -> vinegar
viniger -> vinegar
vinigrette -> vinaigrette
vinilla -> vanilla
vinnila -> vanilla
vnegar -> vinegar
vodak -> vodka
wafffles -> waffles
wallnuts -> walnuts
walnts -> walnuts
walnuits -> walnut
walnyts -> walnuts
warcestershire -> worcestershire
whiskey -> whisky
wirchestershire -> worcestershire
wishshire -> worcestershire
wishtershire -> worcestershire
wiskey -> whisky
wistershire -> worcestershire
wocestershire -> worcestershire
woostershire -> worcestershire
worcershire -> worcestershire
worcerstershire -> worcestershire
worcesetershire -> worcestershire
worceshire -> worcestershire
worcest -> worcestershire
worcester -> worcestershire
worcesterchire -> worcestershire
worcestershier -> worcestershire
worcestershure -> worcestershire
worcesteshire -> worcestershire
worcestire -> worcestershire
worcestshire -> worcestershire
worchershire -> worcestershire
worcheschire -> worcestershire
worchesershire -> worcestershire
worcheshire -> worcestershire
worchesshire -> worcestershire
worchester -> worcestershire
worchesterchire -> worcestershire
worchestershier -> worcestershire
worchestershire -> worcestershire
worchestershre -> worcestershire
worchestersire -> worcestershire
worchestire -> worcestershire
worchestor -> worcestershire
worchestrshire -> worcestershire
worchestshire -> worcestershire
worchetshire -> worcestershire
worcstershire -> worcestershire
worcsteshire -> worcestershire
worestershire -> worcestershire
worestorshire -> worcestershire
worscheshire -> worcestershire
worschestershire -> worcestershire
worschesteshire -> worcestershire
worschestshire -> worcestershire
worschire -> worcestershire
worshershire -> worcestershire
worshestershire -> worcestershire
worshitishire -> worcestershire
worshtershire -> worcestershire
worstcheire -> worcestershire
worstechire -> worcestershire
worsterchester -> worcestershire
worsterchire -> worcestershire
worstershire -> worcestershire
worsteshire -> worcestershire
worstishire -> worcestershire
woshier -> worcestershire
xamtham -> xanthan
xantan -> xanthan
xantham -> xanthan
xanthin -> xanthan
xanthium -> xanthan
xanthum -> xanthan
yogart -> yogurt
yogert -> yogurt
yoghourt -> yogurt
yoghurt -> yogurt
yogourt -> yogurt
yogurs -> yogurt
yogurti -> yogurt
yogurtor -> yogurt
yogut -> yogurt
yoiks -> yolks
yoke -> yolk
yokes -> yokes
yolkes -> yolks
yougert -> yogurt
yougurt -> yogurt
youlks -> yolks
yourgart -> yogurt
yucca -> yuca
za'tar -> za'atar
zahter -> za'atar
za’atar -> za'atar
zifandel -> zinfandel
zinfindal -> zinfindel
zita -> ziti
zitti -> ziti
zongedroogte -> zongedroogde
zuccchini -> zucchini
zucchero -> zucchini
zucchine -> zucchini
zucchini's -> zucchinis
zucchni -> zucchini
zuccini -> zucchini
zuccuni -> zucchini
zuchini -> zucchini
zuchinni -> zucchini
zuchinnis -> zucchinis
zylitol -> xylitol
